﻿Designator,Quantity,Value,Footprint,Package,MPN,DNP,Mount_Type,Description,MF,MAXIMUM_PACKAGE_HEIGHT,Price,Check_prices,STANDARD,PARTREV,SnapEDA_Link,MP,Purchase-URL,Description_1,MANUFACTURER,Availability,SNAPEDA_PN
"C1, C4, C6",3,10uF,C_0805_2012Metric_Pad1.18x1.45mm_HandSolder,,,,smt,"Unpolarized capacitor, small symbol",,,,,,,,,,,,,
"C2, C3",2,22uF,C_0805_2012Metric_Pad1.18x1.45mm_HandSolder,,,,smt,"Unpolarized capacitor, small symbol",,,,,,,,,,,,,
C5,1,0.1uF,C_0805_2012Metric_Pad1.18x1.45mm_HandSolder,,,,smt,"Unpolarized capacitor, small symbol",,,,,,,,,,,,,
D1,1,WS2812B,LED_WS2812B_PLCC4_5.0x5.0mm_P3.2mm,,,,smt,RGB LED with integrated controller,,,,,,,,,,,,,
D2,1,SMAJ5.0A,D_SMA,,,,smt,"400W unidirectional Transient Voltage Suppressor, 5.0Vr, SMA(DO-214AC)",,,,,,,,,,,,,
J1,1,Conn_01x02_Pin,PinHeader_1x02_P2.54mm_Vertical,,,,tht,"Generic connector, single row, 01x02, script generated",,,,,,,,,,,,,
J2,1,USB_C_Receptacle_USB2.0_14P,USB_C_Receptacle_GCT_USB4105-xx-A_16P_TopMnt_Horizontal,,,,smt,USB 2.0-only 14P Type-C Receptacle connector,,,,,,,,,,,,,
Q1,1,2N7002,SOT-23,,,,smt,"0.115A Id, 60V Vds, N-Channel MOSFET, SOT-23",,,,,,,,,,,,,
"R1, R2",2,5k1,R_0805_2012Metric_Pad1.20x1.40mm_HandSolder,,,,smt,"Resistor, small symbol",,,,,,,,,,,,,
R3,1,10kO,R_0805_2012Metric_Pad1.20x1.40mm_HandSolder,,,,smt,"Resistor, small symbol",,,,,,,,,,,,,
U1,1,ESP32-C3-WROOM-02,ESP32-C3-WROOM-02,,,,smt,"ESP32-C3-WROOM-02 is a general-purpose Wi-Fi and Bluetooth LE module. This module features a rich set of peripherals and high performance, which makes it an ideal choice for smart home, industrial automation, health care, consumer electronics, etc.",,,,,,,,,,,,,
U2,1,VEML7700-TT,XDCR_VEML7700-TR,SMD-4 Vishay Semiconductor,,,smt,,Vishay Semiconductor,3 mm,None,https://www.snapeda.com/parts/VEML7700-TT/Vishay+Semiconductor+Opto+Division/view-part/?ref=eda,Manufacturer Recommendations,1.6,https://www.snapeda.com/parts/VEML7700-TT/Vishay+Semiconductor+Opto+Division/view-part/?ref=snap,VEML7700-TT,https://www.snapeda.com/api/url_track_click_mouser/?unipart_id=534245&manufacturer=Vishay Semiconductor&part_name=VEML7700-TT&search_term=veml7700,"
Optical Sensor Ambient - I²C 4-SMD, J-Lead
",Vishay,Not in stock,VEML7700-TR
U3,1,AMS1117-3.3,SOT-223-3_TabPin2,,,,smt,"1A Low Dropout regulator, positive, 3.3V fixed output, SOT-223",,,,,,,,,,,,,
U4,1,VEML3328,SMD_L3328_VIS,,,,smt,,,,,,,,,,,,,,
U5,1,TPD4E05U06DQA,USON-10_2.5x1.0mm_P0.5mm,,,,smt,"4-Channel ESD Protection for Super-Speed USB 3.0 Interface, USON-10",,,,,,,,,,,,,
