﻿pos_x,pos_y,rotation,side,designator,mpn,pack,footprint,value,mount_type
21.0,-19.0,90.0,top,C1,,,C_0805_2012Metric_Pad1.18x1.45mm_HandSolder,10uF,smt
36.9625,-19.0,0.0,top,C2,,,C_0805_2012Metric_Pad1.18x1.45mm_HandSolder,22uF,smt
38.0,-26.0,90.0,top,C3,,,C_0805_2012Metric_Pad1.18x1.45mm_HandSolder,22uF,smt
48.0,-28.0,90.0,top,C4,,,C_0805_2012Metric_Pad1.18x1.45mm_HandSolder,10uF,smt
48.0,-24.0,90.0,top,C5,,,C_0805_2012Metric_Pad1.18x1.45mm_HandSolder,0.1uF,smt
38.0,-31.0,0.0,top,C6,,,C_0805_2012Metric_Pad1.18x1.45mm_HandSolder,10uF,smt
31.0,-30.0,0.0,top,D1,,,LED_WS2812B_PLCC4_5.0x5.0mm_P3.2mm,WS2812B,smt
19.0,-38.0,180.0,top,D2,,,D_SMA,SMAJ5.0A,smt
71.0,-27.0,0.0,top,J1,,,PinHeader_1x02_P2.54mm_Vertical,Conn_01x02_Pin,tht
18.18,-30.0,-90.0,top,J2,,,USB_C_Receptacle_GCT_USB4105-xx-A_16P_TopMnt_Horizontal,USB_C_Receptacle_USB2.0_14P,smt
55.9375,-41.05,0.0,top,Q1,,,SOT-23,2N7002,smt
22.0,-22.0,180.0,top,R1,,,R_0805_2012Metric_Pad1.20x1.40mm_HandSolder,5k1,smt
18.0,-22.0,180.0,top,R2,,,R_0805_2012Metric_Pad1.20x1.40mm_HandSolder,5k1,smt
50.0,-40.0,0.0,top,R3,,,R_0805_2012Metric_Pad1.20x1.40mm_HandSolder,10kO,smt
58.94,-28.3,0.0,top,U1,,,ESP32-C3-WROOM-02,ESP32-C3-WROOM-02,smt
44.325,-26.0,0.0,top,U2,,SMD-4 Vishay Semiconductor,XDCR_VEML7700-TR,VEML7700-TT,smt
29.15,-20.7,0.0,top,U3,,,SOT-223-3_TabPin2,AMS1117-3.3,smt
44.0,-32.650001,0.0,top,U4,,,SMD_L3328_VIS,VEML3328,smt
25.385,-35.0,0.0,top,U5,,,USON-10_2.5x1.0mm_P0.5mm,TPD4E05U06DQA,smt
